(no author) = No Author <no.author@uchicago.edu>
root = Root <root@uchicago.edu>
achavez = Alberto Chavez <alberto_chavez@live.com>
aman_sabharwal = aman_sabharwal <aman_sabharwal@example.com>
benc = Ben Clifford <benc@hawaga.org.uk>
benc@CI.UCHICAGO.EDU = Ben Clifford <benc@hawaga.org.uk>
cgrubbs = Chris Grubbs <cgrubbs@example.com>
davidk = David Kelly <davidkelly@uchicago.edu>
dkodeboy = Deepti Kodeboyina <dkodeboy@mcs.anl.gov>
gkt = gkt <gkt@example.com>
gurubn = gurubn <gurubn@example.com>
hategan@CI.UCHICAGO.EDU = Mihael Hategan <hategan@mcs.anl.gov>
hategan= Mihael Hategan <hategan@mcs.anl.gov>
jonmon = Jon Monette <jon.monette@gmail.com>
kaizamin = kaizamin <kaizamin@example.com>
ketan = Ketan Maheshwari <ketan@mcs.anl.gov>
laszewsk = Gregor von Laszewski <laszewski@gmail.com>
laszewski@CI.UCHICAGO.EDU = Gregor von Laszewski <laszewski@gmail.com>
leggett = Ti Leggett <leggett@ci.uchicago.edu>
lgadelha = Luiz Gadelha <lgadelha@lncc.br>
lotus_ns5 = Kamal Agarwal <lotus_ns5@gmail.com>
skenny = Sarah Kenny <skenny@uchicago.edu>
tga = Tim Armstrong <tim.g.armstrong@gmail.com>
thatmattbone = Matt Bone <thatmattbone@gmail.com>
tiberius@CI.UCHICAGO.EDU = Tiberiu Stef-Praun <tiberius@ci.uchicago.edu>
tktrieu = tktrieu <tktrieu@example.com>
vigneshmpn = Vignesh M.P.N <manivig@iit.edu>
wilde@CI.UCHICAGO.EDU = Michael Wilde <wilde@mcs.anl.gov>
wilde = Michael Wilde <wilde@mcs.anl.gov>
wozniak = Justin Wozniak <wozniak@mcs.anl.gov>
yadunandb = Yadu Nand B <yadudoc1729@gmail.com>
yongzh@CI.UCHICAGO.EDU = Yong Zhao <yongzh@ci.uchicago.edu>
